Nom,Arborescence,Couleurs disponibles,Prix,Description,Volume,Dimensions
FKUv 1660 Premium,Appareils professionnels/Merchandising/Réfrigérateurs encastrables sous plan/FKUv 1660,"Acier inox, Blanc, Noir",€ 1.100,"Le Liebherr FKUv 1660 est un réfrigérateur de table pour bouteilles entièrement fini en acier inoxydable. Plage de températures allant de +1 °C à +15 °C. Conception professionnelle avec refroidissement par ventilateur, affichage numérique de la température, verrouillage et porte à fermeture automatique.",134 l,"H 83 x L 60 x D 61,5 cm"
FKUv 1663 Premium,Appareils professionnels/Merchandising/Réfrigérateurs encastrables sous plan/FKUv 1663,"Acier inox, Blanc, Noir",€ 1.250,"Le réfrigérateur universel Liebherr FKUv 1663 est un modèle de table en acier inoxydable, avec porte en verre isolant. Plage de température de +1 °C à +15 °C. Finition professionnelle avec réfrigération ventilée, affichage digital de la température, éclairage LED commutable séparément, verrou et porte à fermeture automatique.",148 l,"H 83 x L 60 x D 61,5 cm"
FKvesf 1803 Premium,Appareils professionnels/Merchandising/Réfrigérateurs encastrables sous plan/FKvesf 1803,None,€ 1.050,"Le réfrigérateur universel Liebherr FKvesf 1803 est un modèle de table avec porte en verre isolant et cadre en acier inoxydable, les parois sont peintes en argenté. Plage de température de +1 °C à +15 °C. Finition professionnelle avec réfrigération ventilée, affichage analogique de la température, verrou et plan de travail amovible.",171 l,H 85 x L 60 x D 60 cm
FKvesf 1805 Premium,Appareils professionnels/Merchandising/Réfrigérateurs encastrables sous plan/FKvesf 1805,None,€ 950,"Le modèle de table Liebherr FKvesf 1805 est un réfrigérateur universel avec porte en acier inoxydable et des parois peintes en argenté. Plage de température de +1 °C à +15 °C. Il dispose d'une réfrigération dynamique, d'un éclairage LED commutable séparément, d'un affichage digital de la température, d'un verrou et d'un plan de travail amovible.",171 l,H 85 x L 60 x D 60 cm
FKv 503 Premium,Appareils professionnels/Merchandising/Réfrigérateurs bouteilles/FKv 503,None,€ 1.200,"Le réfrigérateur minibar Liebherr FKv 503 est tout en acier inoxydable. De dimension compacte, mais en finition de luxe avec, entre autres, réfrigération dynamique, porte avec verre isolant sans poignée, éclairage de plafond LED commutable séparément et verrou. Le modèle FKv 503 peut aussi être suspendu.",44 l,"H 61,2 x L 42,5 x D 45 cm"
MRFec 3501 Performance,Appareils professionnels/Merchandising/Réfrigérateurs bouteilles/MRFec 3501,None,€ 1.200,"Ce réfrigérateur à bouteilles Liebherr a une plage de température de +2 °C à +9 °C. La porte se ferme automatiquement, de sorte que les portes ouveêtes appartiennent au passé. Pour un remplissage confortable, la porte reste ouverte à un angle d'ouverture supérieur à 90°. Les grilles renforcées avec butée d'extraction intégrée peuvent supporter des charges allant jusqu'à 45 kg et grâce à l'intérieur étanche, le réfrigérateur peut être nettoyé avec le tuyau d'eau après un évènement.",327 l,"H 168,4 x L 59,7 x D 65,4 cm"
MRFec 4001 Performance,Appareils professionnels/Merchandising/Réfrigérateurs bouteilles/MRFec 4001,None,€ 1.300,"Ce réfrigérateur à bouteilles Liebherr a une plage de température de +2 °C à +9 °C. La porte se ferme automatiquement, de sorte que les portes ouveêtes appartiennent au passé. Pour un remplissage confortable, la porte reste ouverte à un angle d'ouverture supérieur à 90°. Les grilles renforcées avec butée d'extraction intégrée peuvent supporter des charges allant jusqu'à 45 kg et grâce à l'intérieur étanche, le réfrigérateur peut être nettoyé avec le tuyau d'eau après un évènement.",377 l,"H 188,4 x L 59,7 x D 65 cm"
MRFvc 3501 Performance,Appareils professionnels/Merchandising/Réfrigérateurs bouteilles/MRFvc 3501,None,€ 1.100,"Ce réfrigérateur à bouteilles Liebherr a une plage de température de +2 °C à +9 °C. La porte se ferme automatiquement, de sorte que les portes ouveêtes appartiennent au passé. Pour un remplissage confortable du réfrigérateur, la porte reste ouverte à un angle d'ouverture supérieur à 90°. Les grilles de support renforcées avec butée d'extraction intégrée peuvent être chargées jusqu'à 45 kg et la température peut être lue via le display analogique à l'intérieur.",327 l,"H 168,4 x L 59,7 x D 65,4 cm"
MRFvc 3511 Performance,Appareils professionnels/Merchandising/Réfrigérateurs bouteilles/MRFvc 3511,None,€ 1.250,"Ce réfrigérateur à bouteilles Liebherr a une plage de température de +2 °C à +9 °C. La porte vitrée se ferme automatiquement, de sorte que les portes ouveêtes appartiennent au passé. Pour un remplissage confortable du réfrigérateur, la porte reste ouverte à un angle d'ouverture supérieur à 90°. L'éclairage au plafond garantit que le contenu est toujours clairement visible. Les grilles de support renforcées avec butée d'extraction intégrée peuvent supporter jusqu'à 45 kg et la température peut être lue via le",347 l,"H 168,4 x L 59,7 x D 65,4 cm"
MRFvc 4001 Performance,Appareils professionnels/Merchandising/Réfrigérateurs bouteilles/MRFvc 4001,None,€ 1.200,"Ce réfrigérateur à bouteilles Liebherr a une plage de température de +2 °C à +9 °C. La porte se ferme automatiquement, de sorte que les portes ouveêtes appartiennent au passé. Pour un remplissage confortable du réfrigérateur, la porte reste ouverte à un angle d'ouverture supérieur à 90°. Les grilles de support renforcées avec butée d'extraction intégrée peuvent être chargées jusqu'à 45 kg et la température peut être lue via le display analogique à l'intérieur.",377 l,"H 188,4 x L 59,7 x D 65,4 cm"
MRFvc 4011 Performance,Appareils professionnels/Merchandising/Réfrigérateurs bouteilles/MRFvc 4011,None,€ 1.400,"Ce réfrigérateur à bouteilles Liebherr a une plage de température de +2 °C à +9 °C. La porte vitrée se ferme automatiquement, de sorte que les portes ouveêtes appartiennent au passé. Pour un remplissage confortable du réfrigérateur, la porte reste ouverte à un angle d'ouverture supérieur à 90°. L'éclairage au plafond garantit que le contenu est toujours clairement visible. Les grilles de support renforcées avec butée d'extraction intégrée peuvent supporter jusqu'à 45 kg et la température peut être lue via le",400 l,"H 188,4 x L 59,7 x D 65,4 cm"
MRFvc 5501 Performance,Appareils professionnels/Merchandising/Réfrigérateurs bouteilles/MRFvc 5501,None,€ 1.300,"Ce réfrigérateur à bouteilles Liebherr a une plage de température de +2 °C à +9 °C. La porte se ferme automatiquement, de sorte que les portes ouveêtes appartiennent au passé. Pour un remplissage confortable du réfrigérateur, la porte reste ouverte à un angle d'ouverture supérieur à 90°. Les grilles de support renforcées avec butée d'extraction intégrée peuvent être chargées jusqu'à 45 kg et la température peut être lue via le display analogique à l'intérieur.",544 l,"H 168,4 x L 74,7 x D 76,9 cm"
MRFvc 5511 Performance,Appareils professionnels/Merchandising/Réfrigérateurs bouteilles/MRFvc 5511,None,€ 1.600,"Ce réfrigérateur à bouteilles Liebherr a une plage de température de +2 °C à +9 °C. La porte vitrée se ferme automatiquement, de sorte que les portes ouveêtes appartiennent au passé. Pour un remplissage confortable du réfrigérateur, la porte reste ouverte à un angle d'ouverture supérieur à 90°. L'éclairage au plafond garantit que le contenu est toujours clairement visible. Les grilles de support renforcées avec butée d'extraction intégrée peuvent supporter jusqu'à 45 kg et la température peut être lue via le",569 l,"H 168,4 x L 74,7 x D 76,9 cm"
MRFvd 3501 Performance,Appareils professionnels/Merchandising/Réfrigérateurs bouteilles/MRFvd 3501,None,€ 1.300,"Ce réfrigérateur à bouteilles Liebherr gris acier a une plage de température de +1 °C à +15 °C. La porte se ferme automatiquement, de sorte que les portes ouveêtes appartiennent au passé. Pour un remplissage confortable, la porte reste ouverte à un angle d'ouverture supérieur à 90°. L'éclairage au plafond garantit que le contenu est toujours clairement visible. Les grilles renforcées avec butée d'extraction intégrée peuvent supporter jusqu'à 45 kg et la température est affichée sur le display numérique de la porte.",327 l,"H 168,4 x L 59,7 x D 65,4 cm"
MRFvd 3511 Performance,Appareils professionnels/Merchandising/Réfrigérateurs bouteilles/MRFvd 3511,"Silver, Noir",€ 1.500,"Ce réfrigérateur à bouteilles Liebherr gris acier a une plage de température de +1 °C à +15 °C. La porte vitrée se ferme automatiquement, de sorte que les portes ouveêtes appartiennent au passé. Pour un remplissage confortable, la porte reste ouverte à un angle d'ouverture supérieur à 90°. La colonne LED fournit un éclairage optimal à tous les niveaux. Les grilles renforcées avec butée d'extraction intégrée peuvent supporter jusqu'à 45 kg et la température est affichée sur le display numérique de la porte.",347 l,"H 168,4 x L 59,7 x D 65,4 cm"
MRFvd 4001 Performance,Appareils professionnels/Merchandising/Réfrigérateurs bouteilles/MRFvd 4001,None,€ 1.400,"Ce réfrigérateur à bouteilles Liebherr gris acier a une plage de température de +1 °C à +15 °C. La porte se ferme automatiquement, de sorte que les portes ouveêtes appartiennent au passé. Pour un remplissage confortable, la porte reste ouverte à un angle d'ouverture supérieur à 90°. L'éclairage au plafond garantit que le contenu est toujours clairement visible. Les grilles renforcées avec butée d'extraction intégrée peuvent supporter jusqu'à 45 kg et la température est affichée sur le display numérique de la porte.",377 l,"H 188,4 x L 59,7 x D 65,4 cm"
MRFvd 4011 Performance,Appareils professionnels/Merchandising/Réfrigérateurs bouteilles/MRFvd 4011,"Silver, Noir",€ 1.500,"Ce réfrigérateur à bouteilles Liebherr gris acier a une plage de température de +1 °C à +15 °C. La porte vitrée se ferme automatiquement, de sorte que les portes ouveêtes appartiennent au passé. Pour un remplissage confortable, la porte reste ouverte à un angle d'ouverture supérieur à 90°. La colonne LED fournit un éclairage optimal à tous les niveaux. Les grilles renforcées avec butée d'extraction intégrée peuvent supporter jusqu'à 45 kg et la température est affichée sur le display numérique de la porte.",400 l,"H 188,4 x L 59,7 x D 65,4 cm"
MRFvd 5501 Performance,Appareils professionnels/Merchandising/Réfrigérateurs bouteilles/MRFvd 5501,None,€ 1.550,"Ce réfrigérateur à bouteilles Liebherr gris acier a une plage de température de +1 °C à +15 °C. La porte se ferme automatiquement, de sorte que les portes ouveêtes appartiennent au passé. Pour un remplissage confortable, la porte reste ouverte à un angle d'ouverture supérieur à 90°. L'éclairage au plafond garantit que le contenu est toujours clairement visible. Les grilles renforcées avec butée d'extraction intégrée peuvent supporter jusqu'à 45 kg et la température est affichée sur le display numérique de la porte.",544 l,"H 168,4 x L 74,7 x D 76,9 cm"
MRFvd 5511 Performance,Appareils professionnels/Merchandising/Réfrigérateurs bouteilles/MRFvd 5511,None,€ 1.750,"Ce réfrigérateur à bouteilles Liebherr gris acier a une plage de température de +1 °C à +15 °C. La porte vitrée se ferme automatiquement, de sorte que les portes ouveêtes appartiennent au passé. Pour un remplissage confortable, la porte reste ouverte à un angle d'ouverture supérieur à 90°. La colonne LED fournit un éclairage optimal à tous les niveaux. Les grilles renforcées avec butée d'extraction intégrée peuvent supporter jusqu'à 45 kg et la température est affichée sur le display numérique de la porte.",569 l,"H 168,4 x L 74,7 x D 76,9 cm"
MRFvg 3501 Zwart Perfection,Appareils professionnels/Merchandising/Réfrigérateurs bouteilles/MRFvg 3501 Zwart,None,€ 1.600,"Ce réfrigérateur à bouteilles Liebherr noir a une plage de température de -2 °C à +15 °C. La porte se ferme automatiquement, de sorte que les portes ouveêtes appartiennent au passé. Pour un remplissage confortable, la porte reste ouverte à un angle d'ouverture supérieur à 90°. L'éclairage au plafond garantit que le contenu est toujours clairement visible. Les grilles renforcées avec butée d'extraction intégrée peuvent supporter jusqu'à 45 kg et la température est affichée sur le display numérique de la porte.",327 l,"H 168,4 x L 59,7 x D 65,4 cm"
MRFvg 3511 Perfection,Appareils professionnels/Merchandising/Réfrigérateurs bouteilles/MRFvg 3511,None,€ 1.800,"Ce réfrigérateur à bouteilles Liebherr noir a une plage de température de -2 °C à +15 °C. La porte se ferme automatiquement, de sorte que les portes ouveêtes appartiennent au passé. Pour un remplissage confortable, la porte reste ouverte à un angle d'ouverture supérieur à 90°. L'éclairage au plafond garantit que le contenu est toujours clairement visible. Les grilles renforcées avec butée d'extraction intégrée peuvent supporter jusqu'à 45 kg et la température est affichée sur le display numérique de la porte.",347 l,"H 168,4 x L 59,7 x D 65,4 cm"
MRFvg 4001 Zwart Perfection,Appareils professionnels/Merchandising/Réfrigérateurs bouteilles/MRFvg 4001 Zwart,None,€ 1.700,"Ce réfrigérateur à bouteilles Liebherr noir a une plage de température de -2 °C à +15 °C. La porte se ferme automatiquement, de sorte que les portes ouveêtes appartiennent au passé. Pour un remplissage confortable, la porte reste ouverte à un angle d'ouverture supérieur à 90°. L'éclairage au plafond garantit que le contenu est toujours clairement visible. Les grilles renforcées avec butée d'extraction intégrée peuvent supporter jusqu'à 45 kg et la température est affichée sur le display numérique de la porte.",377 l,"H 188,4 x L 59,7 x D 65,4 cm"
MRFvg 4011 Perfection,Appareils professionnels/Merchandising/Réfrigérateurs bouteilles/MRFvg 4011,None,€ 1.900,"Ce réfrigérateur à bouteilles Liebherr noir a une plage de température de -2 °C à +15 °C. La porte se ferme automatiquement, de sorte que les portes ouveêtes appartiennent au passé. Pour un remplissage confortable, la porte reste ouverte à un angle d'ouverture supérieur à 90°. L'éclairage au plafond garantit que le contenu est toujours clairement visible. Les grilles renforcées avec butée d'extraction intégrée peuvent supporter jusqu'à 45 kg et la température est affichée sur le display numérique de la porte.",400 l,"H 188,4 x L 59,7 x D 65,4 cm"
BCv 1103 Premium,Appareils professionnels/Merchandising/Réfrigérateurs Display/BCv 1103,None,€ 1.249,"Le Liebherr BCv 1103 est un refroidisseur display compact avec porte vitrée isolante et colonne d'éclairage LED. Le refroidissement dynamique assure un refroidissement rapide et une répartition homogène de la température à l'intérieur. Grâce àu profil de porte en aluminium avec poignée intégrée, la porte est facile à ouvrir. Le sens de rotation de la porte (Charnières à droite de manière standard) peut être modifié si l'emplacement l'exige.",106 l,"H 81,6 x L 49,7 x D 54,8 cm"
BCv 1103 Blackline Premium,Appareils professionnels/Merchandising/Réfrigérateurs Display/BCv 1103 Blackline,None,€ 1.349,"Le Liebherr BCv 1103 est un refroidisseur display compact avec porte vitrée isolante et colonne d'éclairage LED. Le refroidissement dynamique assure un refroidissement rapide et une répartition homogène de la température à l'intérieur. Grâce àu profil de porte en aluminium avec poignée intégrée, la porte est facile à ouvrir. Le sens de rotation de la porte (Charnières à droite de manière standard) peut être modifié si l'emplacement l'exige.",106 l,"H 81,6 x L 49,7 x D 54,8 cm"
FKDv 4211 Comfort,Appareils professionnels/Merchandising/Réfrigérateurs Display/FKDv 4211,None,€ 1.299,"Le modèle Liebherr FKDv 4211 est un réfrigérateur Display d'une largeur de 60 cm, avec porte isothermique et éclairage à colonne LED. Le display LED rétroéclairé permet de mettre l'appareil en valeur. Il est possible de le personnaliser en fonction du style de votre entreprise.",387 l,"H 201 x L 60 x D 68,7 cm"
FKDv 4213 Comfort,Appareils professionnels/Merchandising/Réfrigérateurs Display/FKDv 4213,"Blanc, Noir",€ 1.349,"Le modèle Liebherr FKDv 4213 est un réfrigérateur Display d'une largeur de 60 cm, avec porte isothermique en verre et éclairage à colonne LED. Le display LED rétroéclairé permet de mettre l'appareil en valeur. Il est possible de le personnaliser en fonction du style de votre entreprise.",403 l,"H 201 x L 60 x D 68,7 cm"
FKDv 4513 Premium,Appareils professionnels/Merchandising/Réfrigérateurs Display/FKDv 4513,None,€ 1.599,"Le modèle Liebherr FKDv 4513 est un réfrigérateur Display d'une largeur de 60 cm, avec porte isothermique en verre à fermeture automatique et éclairage à colonne LED. Le display LightGuide avec éclairage tout autour est un véritable accroche-regard. Le display étroit se trouve à l'extérieur de l'appareil et peut être personnalisé en fonction du style de votre entreprise.",441 l,"H 202,7 x L 60 x D 69,6 cm"
FKDv 4523 PremiumPlus,Appareils professionnels/Merchandising/Réfrigérateurs Display/FKDv 4523,None,€ 1.799,"Le Liebherr FKDv 4523 est un réfrigérateur display de 60 cm de large avec porte isothermique en verre à fermeture automatique et double colonne lumineuse LED. Le thermostat électronique intelligent permet d'économiser de l'énergie pendant les heures d'inactivité. Le display transparent LightGuide, situé à l'intérieur de la porte, est personnalisable et attire immédiatement l'attention sur votre logo éclairé.",441 l,"H 202,7 x L 60 x D 69,6 cm"
MRHsc 2852,Appareils professionnels/Merchandising/Réfrigérateurs coffres/MRHsc 2852,None,€ 1.100,Le modèle Liebherr MRHsc 2852 est un réfrigérateur coffre équipé de couvercles coulissants en aluminium. Le réglage progressif de la température permet à la température réglée dans une plage de +2 °C à +15 °C de rester constante. Facile à déplacer grâce aux 4 doubles roues pivotantes.,296 l,"H 82,5 x L 104,5 x D 68 cm"
MRHsc 2862,Appareils professionnels/Merchandising/Réfrigérateurs coffres/MRHsc 2862,None,€ 1.200,Le modèle Liebherr MRHsc 2862 est un réfrigérateur coffre équipé de couvercles coulissants en verre trempé. Le réglage progressif de la température permet à la température réglée dans une plage de +2 °C à +12 °C de rester constante. Facile à déplacer grâce aux 4 doubles roues pivotaêtes.,296 l,"H 82,5 x L 104,5 x D 68 cm"
GGU 1500 Premium,Appareils professionnels/Merchandising/Congélateurs encastrables sous plan/GGU 1500,None,€ 1.050,"Le congélateur Liebherr GGU 1500 est un modèle de table avec température réglable en continu jusqu'à -26 °C. Les 3 paniers coulissants offrent une hauteur utilisable de 15 cm, le panier plus court du bas a une hauteur de 17 cm. Grâce à l'affichage digital de la température, vous êtes toujours informé du degré de froid.",143 l,"H 83 x L 60 x D 61,5 cm"
GGU 1550 Premium,Appareils professionnels/Merchandising/Congélateurs encastrables sous plan/GGU 1550,None,€ 1.100,"Le congélateur Liebherr GGU 1550 est un modèle de table en acier inoxydable avec température réglable en continu jusqu'à -26 °C. Les 3 paniers coulissants offrent une hauteur utilisable de 15 cm, le panier plus court du bas a une hauteur de 17 cm. Grâce à l'affichage digital de la température, vous êtes toujours informé du degré de froid.",143 l,"H 83 x L 60 x D 61,5 cm"
FDv 4643,Appareils professionnels/Merchandising/Congélateurs Display/FDv 4643,None,€ 3.800,"Le modèle Liebherr FDv 4643 est un congélateur Display NoFrost, avec une plage de température de -10 °C à -25 °C. L'intérieur est éclairé à l'aide de deux colonnes LED. Le display LED rétroéclairé permet de mettre l'appareil en valeur. Il est possible de le personnaliser en fonction du style de votre entreprise.",461 l,"H 195,7 x L 67 x D 73 cm"
Fv 913,Appareils professionnels/Merchandising/Congélateurs Display/Fv 913,None,€ 1.750,"Le Liebherr Fv 913 est un congélateur compact avec dégivrage automatique. Pour une prèsentation optimale de vos produits, l'intérieur est éclairé par une colonne LED.",93 l,"H 81,6 x L 49,7 x D 54,8 cm"
EFL 3056,Appareils professionnels/Merchandising/Congélateurs coffres/EFL 3056,"Acier inox, Blanc",€ 1.200,"Le modèle Liebherr EFL3056 est un congélateur coffre peu énergivore avec couvercle en acier inox et plage de température de -14 °C à -26 °C. Finition professionnelle avec thermomêtre, verrou, robuste poignée profilée en aluminium, éclairage de couvercle, couvercle compensé et évacuation pratique de l'eau de dégivrage.",266 l,"H 82,5 x L 104,5 x D 70,2 cm"
EFL 4656,Appareils professionnels/Merchandising/Congélateurs coffres/EFL 4656,"Acier inox, Blanc",€ 1.400,"Le modèle Liebherr EFL 4656 est un congélateur coffre peu énergivore avec couvercle en acier inox et plage de température de -14 °C à -26 °C. Finition professionnelle avec thermomêtre, verrou, robuste poignée profilée en aluminium, éclairage de couvercle, couvercle compensé et évacuation pratique de l'eau de dégivrage.",404 l,"H 82,5 x L 146,5 x D 70,2 cm"
EFL 6056,Appareils professionnels/Merchandising/Congélateurs coffres/EFL 6056,"Acier inox, Blanc",€ 1.750,"Le modèle Liebherr EFL 6056 est un congélateur coffre peu énergivore avec couvercle en acier inox et plage de température de -14 °C à -26 °C. Finition professionnelle avec thermomêtre, verrou, robuste poignée profilée en aluminium, éclairage de couvercle, couvercle compensé et évacuation pratique de l'eau de dégivrage.",542 l,"H 82,5 x L 188,5 x D 70,2 cm"
FKUv 1660 Premium,Appareils professionnels/Merchandising/Réfrigérateurs encastrables sous plan/FKUv 1660,"Acier inox, Blanc, Noir",€ 1.100,"Le Liebherr FKUv 1660 est un réfrigérateur de table pour bouteilles entièrement fini en acier inoxydable. Plage de températures allant de +1 °C à +15 °C. Conception professionnelle avec refroidissement par ventilateur, affichage numérique de la température, verrouillage et porte à fermeture automatique.",134 l,"H 83 x L 60 x D 61,5 cm"
FKUv 1663 Premium,Appareils professionnels/Merchandising/Réfrigérateurs encastrables sous plan/FKUv 1663,"Acier inox, Blanc, Noir",€ 1.250,"Le réfrigérateur universel Liebherr FKUv 1663 est un modèle de table en acier inoxydable, avec porte en verre isolant. Plage de température de +1 °C à +15 °C. Finition professionnelle avec réfrigération ventilée, affichage digital de la température, éclairage LED commutable séparément, verrou et porte à fermeture automatique.",148 l,"H 83 x L 60 x D 61,5 cm"
FKvesf 1803 Premium,Appareils professionnels/Merchandising/Réfrigérateurs encastrables sous plan/FKvesf 1803,None,€ 1.050,"Le réfrigérateur universel Liebherr FKvesf 1803 est un modèle de table avec porte en verre isolant et cadre en acier inoxydable, les parois sont peintes en argenté. Plage de température de +1 °C à +15 °C. Finition professionnelle avec réfrigération ventilée, affichage analogique de la température, verrou et plan de travail amovible.",171 l,H 85 x L 60 x D 60 cm
FKvesf 1805 Premium,Appareils professionnels/Merchandising/Réfrigérateurs encastrables sous plan/FKvesf 1805,None,€ 950,"Le modèle de table Liebherr FKvesf 1805 est un réfrigérateur universel avec porte en acier inoxydable et des parois peintes en argenté. Plage de température de +1 °C à +15 °C. Il dispose d'une réfrigération dynamique, d'un éclairage LED commutable séparément, d'un affichage digital de la température, d'un verrou et d'un plan de travail amovible.",171 l,H 85 x L 60 x D 60 cm
GGU 1500 Premium,Appareils professionnels/Merchandising/Congélateurs encastrables sous plan/GGU 1500,None,€ 1.050,"Le congélateur Liebherr GGU 1500 est un modèle de table avec température réglable en continu jusqu'à -26 °C. Les 3 paniers coulissants offrent une hauteur utilisable de 15 cm, le panier plus court du bas a une hauteur de 17 cm. Grâce à l'affichage digital de la température, vous êtes toujours informé du degré de froid.",143 l,"H 83 x L 60 x D 61,5 cm"
GGU 1550 Premium,Appareils professionnels/Merchandising/Congélateurs encastrables sous plan/GGU 1550,None,€ 1.100,"Le congélateur Liebherr GGU 1550 est un modèle de table en acier inoxydable avec température réglable en continu jusqu'à -26 °C. Les 3 paniers coulissants offrent une hauteur utilisable de 15 cm, le panier plus court du bas a une hauteur de 17 cm. Grâce à l'affichage digital de la température, vous êtes toujours informé du degré de froid.",143 l,"H 83 x L 60 x D 61,5 cm"
FRFBvg 5501 Perfection,Appareils professionnels/Gastronomie/Réfrigérateurs pour la gastronomie/FRFBvg 5501,None,€ 2.195,"La poignée fine permet d'accéder à l'intérieur facile à nettoyer de cette glacière BlackSteel. Avec un angle d'ouverture de 90°, la porte à fermeture automatique reste ouverte pour faciliter le chargement et le déchargement. L'alarme lumineuse avertit lorsque la porte est ouverte trop longtemps et l'éclairage LED assure une visibilité optimale des produits stockés. L'appareil peut être utilisé de manière logique grâce à l'écran tactile numérique. L'humidité est contrôlée par l'HumidityControl et le refroidissement dynamique assure une température homogène dans la glacière, ce qui permet de tro",571 l,"H 181,8 x L 74,7 x D 76,9 cm"
FRFCvg 4001 Perfection,Appareils professionnels/Gastronomie/Réfrigérateurs pour la gastronomie/FRFCvg 4001,None,€ 1.750,"La poignée fine permet d'accéder à l'intérieur facile à nettoyer de ce réfrigérateur en acier inoxydable. À un angle d'ouverture de 90°, la porte reste ouverte pour faciliter le chargement et le déchargement. La LightAlarm avertit lorsque la porte est ouverte trop longtemps et l'éclairage LED assure une visibilité optimale des produits stockés. L'écran tactile réglable en plusieurs langues est intuitif. L'HumidityControl se charge d'obtenir le taux d'humidité souhaité et le refroidissement dynamique assure une température homogène dans l'appareil.",420 l,"H 188,4 x L 59,7 x D 65,4 cm"
FRFCvg 5501 Perfection,Appareils professionnels/Gastronomie/Réfrigérateurs pour la gastronomie/FRFCvg 5501,None,€ 1.900,"La poignée fine permet d'accéder à l'intérieur facile à nettoyer de ce réfrigérateur en acier inoxydable. À un angle d'ouverture de 90°, la porte reste ouverte pour faciliter le chargement et le déchargement. La LightAlarm avertit lorsque la porte est ouverte trop longtemps et l'éclairage LED assure une visibilité optimale des produits stockés. L'écran tactile réglable en plusieurs langues est intuitif. L'HumidityControl se charge d'obtenir le taux d'humidité souhaité et le refroidissement dynamique assure une température homogène dans l'appareil.",571 l,"H 181,8 x L 74,7 x D 76,9 cm"
FRFCvg 5511 Perfection,Appareils professionnels/Gastronomie/Réfrigérateurs pour la gastronomie/FRFCvg 5511,"Acier inox, Acier inox, Blanc",€ 2.200,"La poignée fine permet d'accéder à l'intérieur facile à nettoyer de ce réfrigérateur en acier inoxydable. À un angle d'ouverture de 90°, la porte reste ouverte pour faciliter le chargement et le déchargement. La LightAlarm avertit lorsque la porte est ouverte trop longtemps et l'éclairage LED assure une visibilité optimale des produits stockés. L'écran tactile réglable en plusieurs langues est intuitif. L'HumidityControl se charge d'obtenir le taux d'humidité souhaité et le refroidissement dynamique assure une température homogène dans l'appareil.",600 l,"H 181,8 x L 74,7 x D 76,9 cm"
FRFCvg 6511 Perfection,Appareils professionnels/Gastronomie/Réfrigérateurs pour la gastronomie/FRFCvg 6511,None,€ 2.300,"La poignée fine permet d'accéder à l'intérieur facile à nettoyer de ce réfrigérateur en acier inoxydable. À un angle d'ouverture de 90°, la porte reste ouverte pour faciliter le chargement et le déchargement. La LightAlarm avertit lorsque la porte est ouverte trop longtemps et l'éclairage LED assure une visibilité optimale des produits stockés. L'écran tactile réglable en plusieurs langues est intuitif. L'HumidityControl se charge d'obtenir le taux d'humidité souhaité et le refroidissement dynamique assure une température homogène dans l'appareil.",688 l,"H 201,8 x L 74,7 x D 76,9 cm"
FRFvg 4001 Performance,Appareils professionnels/Gastronomie/Réfrigérateurs pour la gastronomie/FRFvg 4001,None,€ 1.600,,420 l,"H 188,4 x L 59,7 x D 65,4 cm"
FRFvg 5501 Performance,Appareils professionnels/Gastronomie/Réfrigérateurs pour la gastronomie/FRFvg 5501,None,€ 1.700,"Le modèle Liebherr FRFvg 5501 offre une réfrigération dynamique avec intérieur gastronorme 2/1. La température est réglable entre +1 °C et + 15 °C. Finition avec porte à fermeture automatique, verrou, alarme de température, pieds réglables et 5 grilles réglables. Peut être livré avec roulettes pivotantes au lieu de pieds réglables.",571 l,"H 181,8 x L 74,7 x D 76,9 cm"
GKPv 1470 ProfiLine,Appareils professionnels/Gastronomie/Réfrigérateurs pour la gastronomie/GKPv 1470,None,€ 5.800,Le modèle Liebherr GKPv 1470 avec intérieur GN 2/1 offre une capacité de réfrigération de plus de 1300 litres. La plage de température est réglable au degré près entre -2 °C et +15 °C. L'armoire tout en acier inoxydable se nettoie facilement grâce aux nervures préformées dans la cuve intérieure.,1361 l,H 212 x L 143 x D 83 cm
GKPv 1490 ProfiPremiumline,Appareils professionnels/Gastronomie/Réfrigérateurs pour la gastronomie/GKPv 1490,None,€ 6.500,Le modèle Liebherr GKPv 1490 est peu énergivore et offre une capacité de réfrigération GN 2/1 de plus de 1300 litres. La plage de température est réglable entre -2 °C et +15 °C. L'armoire en acier inoxydable dispose d'une pédale d'ouverture et se nettoie facilement grâce aux nervures préformées dans la cuve intérieure.,1361 l,H 212 x L 143 x D 83 cm
GKPv 6570 ProfiLine,Appareils professionnels/Gastronomie/Réfrigérateurs pour la gastronomie/GKPv 6570,None,€ 3.600,Le modèle Liebherr GKPv 6570 avec intérieur GN 2/1 offre une capacité de réfrigération de plus de 600 litres. La plage de température est réglable entre -2 °C et +15 °C. L'armoire en acier inoxydable se nettoie facilement grâce aux nervures préformées dans la cuve intérieure.,597 l,H 212 x L 70 x D 83 cm
GKPv 6573 ProfiLine,Appareils professionnels/Gastronomie/Réfrigérateurs pour la gastronomie/GKPv 6573,None,€ 4.000,Le modèle Liebherr GKPv 6573 avec porte en verre isolant à fermeture automatique et éclairage LED offre une capacité de réfrigération GN 2/1 de plus de 600 litres. La température est réglable entre +1 °C et +15 °C. L'armoire en acier inoxydable se nettoie facilement grâce aux nervures préformées dans la cuve intérieure.,597 l,H 212 x L 70 x D 83 cm
GKPv 6577 ProfiLine,Appareils professionnels/Gastronomie/Réfrigérateurs pour la gastronomie/GKPv 6577,None,€ 4.000,Le modèle Liebherr GKPv 6577 avec intérieur GN 2/1 offre une capacité de réfrigération de plus de 600 litres. La plage de température est réglable entre +1 °C et +15 °C. L'armoire en acier inoxydable se nettoie facilement grâce aux nervures préformées dans la cuve intérieure.,596 l,"H 212 x L 70 x D 83,8 cm"
GKPv 6590 ProfiPremiumline,Appareils professionnels/Gastronomie/Réfrigérateurs pour la gastronomie/GKPv 6590,None,€ 4.200,Le modèle Liebherr GKPv 6590 est peu énergivore et offre une capacité de réfrigération GN 2/1 de 600 litres. L'armoire en acier inoxydable dispose d'une pédale d'ouverture et se nettoie facilement grâce aux nervures préformées dans la cuve intérieure en acier nickel chrome.,597 l,H 212 x L 70 x D 83 cm
FFFBvg 5501 Perfection,Appareils professionnels/Gastronomie/Congélateurs pour la gastronomie/FFFBvg 5501,None,€ 2.495,,472 l,"H 181,8 x L 74,7 x D 76,9 cm"
FFFCsg 4001 Perfection,Appareils professionnels/Gastronomie/Congélateurs pour la gastronomie/FFFCsg 4001,None,€ 2.100,"La formation de givre est réduite dans ce congélateur SmartFrost en acier inoxydable, ce qui facilite le dégivrage et le rend nécessaire moins fréquent. À un angle d'ouverture de 90°, la porte reste ouverte pour faciliter le chargement et le déchargement. Si la porte reste ouverte trop longtemps, la LigthAlarm permet de s'en apercevoir rapidement. Des fluctuations de température minimales permettent de conserver les produits frais plus longtemps. L'écran tactile réglable en plusieurs langues est intuitif.",316 l,"H 188,4 x L 59,7 x D 65,4 cm"
FFFCsg 5501 Perfection,Appareils professionnels/Gastronomie/Congélateurs pour la gastronomie/FFFCsg 5501,None,€ 2.100,"La formation de givre est réduite dans ce congélateur SmartFrost en acier inoxydable, ce qui facilite le dégivrage et le rend nécessaire moins fréquent. À un angle d'ouverture de 90°, la porte reste ouverte pour faciliter le chargement et le déchargement. Si la porte reste ouverte trop longtemps, la LigthAlarm permet de s'en apercevoir rapidement. Des fluctuations de température minimales permettent de conserver les produits frais plus longtemps. L'écran tactile réglable en plusieurs langues est intuitif.",499 l,"H 181,8 x L 74,7 x D 76,9 cm"
FFFCvg 5501 Perfection,Appareils professionnels/Gastronomie/Congélateurs pour la gastronomie/FFFCvg 5501,None,€ 2.100,"La formation de givre est réduite dans ce congélateur SmartFrost en acier inoxydable, ce qui facilite le dégivrage et le rend nécessaire moins fréquent. À un angle d'ouverture de 90°, la porte reste ouverte pour faciliter le chargement et le déchargement. Si la porte reste ouverte trop longtemps, la LigthAlarm permet de s'en apercevoir rapidement. Des fluctuations de température minimales permettent de conserver les produits frais plus longtemps. L'écran tactile réglable en plusieurs langues est intuitif.",472 l,"H 181,8 x L 74,7 x D 76,9 cm"
FFFCvg 6501 Perfection,Appareils professionnels/Gastronomie/Congélateurs pour la gastronomie/FFFCvg 6501,None,€ 2.400,"La formation de givre est réduite dans ce congélateur SmartFrost en acier inoxydable, ce qui facilite le dégivrage et le rend nécessaire moins fréquent. À un angle d'ouverture de 90°, la porte reste ouverte pour faciliter le chargement et le déchargement. Si la porte reste ouverte trop longtemps, la LigthAlarm permet de s'en apercevoir rapidement. Des fluctuations de température minimales permettent de conserver les produits frais plus longtemps. L'écran tactile réglable en plusieurs langues est intuitif.",544 l,"H 201,8 x L 74,7 x D 76,9 cm"
FFFsg 4001 Performance,Appareils professionnels/Gastronomie/Congélateurs pour la gastronomie/FFFsg 4001,None,€ 1.850,"Une fonction de minuterie rappelle quand l'intérieur entièrement lisse doit être nettoyé, tandis que SmartFrost réduit la formation de givre. À un angle d'ouverture de 90°, la porte reste ouverte pour faciliter le chargement et le déchargement, et si la porte reste ouverte trop longtemps, la LightAlarm vous en avertit. La poignée fine réduit les vibrations, de sorte que les produits de petite taille restent en position verticale lors de l'ouverture de la porte. L'écran tactile réglable en plusieurs langues est intuitif. La serrure mécanique est standard et les roulettes sont en option.",316 l,"H 188,4 x L 59,7 x D 65,4 cm"
FFFsg 5501 Performance,Appareils professionnels/Gastronomie/Congélateurs pour la gastronomie/FFFsg 5501,None,€ 2.000,"Une fonction de minuterie rappelle quand l'intérieur entièrement lisse doit être nettoyé, tandis que SmartFrost réduit la formation de givre. À un angle d'ouverture de 90°, la porte reste ouverte pour faciliter le chargement et le déchargement, et si la porte reste ouverte trop longtemps, la LightAlarm vous en avertit. La poignée fine réduit les vibrations, de sorte que les produits de petite taille restent en position verticale lors de l'ouverture de la porte. L'écran tactile réglable en plusieurs langues est intuitif. La serrure mécanique est standard et les roulettes sont en option.",499 l,"H 181,8 x L 74,7 x D 76,9 cm"
FFFsg 6501 Performance,Appareils professionnels/Gastronomie/Congélateurs pour la gastronomie/FFFsg 6501,None,€ 2.100,"Une fonction de minuterie rappelle quand l'intérieur entièrement lisse doit être nettoyé, tandis que SmartFrost réduit la formation de givre. À un angle d'ouverture de 90°, la porte reste ouverte pour faciliter le chargement et le déchargement, et si la porte reste ouverte trop longtemps, la LightAlarm vous en avertit. La poignée fine réduit les vibrations, de sorte que les produits de petite taille restent en position verticale lors de l'ouverture de la porte. L'écran tactile réglable en plusieurs langues est intuitif. La serrure mécanique est standard et les roulettes sont en option.",573 l,"H 201,8 x L 74,7 x D 76,9 cm"
GG 4010 ProfiLine,Appareils professionnels/Gastronomie/Congélateurs pour la gastronomie/GG 4010,None,€ 1.700,"Le modèle Liebherr GG 4010 est un congélateur gastronorme statique, avec plage de température à réglage digital de -14 °C à -28 °C. Finition avec 6 plaques d'évaporation fixes et 3 corbeilles, alarme de température, porte à fermeture automatique et verrou.",382 l,"H 190 x L 59,7 x D 68 cm"
GGPv 1470 ProfiLine,Appareils professionnels/Gastronomie/Congélateurs pour la gastronomie/GGPv 1470,None,€ 6.400,Le modèle Liebherr GGPv 1470 offre une capacité de congélation professionnelle GN 2/1 de plus de 1300 litres. La plage de température est réglable au degré près entre -10 °C et -26 °C à l'intérieur en acier nickel chrome se nettoie facilement et rapidement grâce aux nervures préformées dans la cuve intérieure.,1361 l,H 212 x L 143 x D 83 cm
GGPv 1490 ProfiPremiumline,Appareils professionnels/Gastronomie/Congélateurs pour la gastronomie/GGPv 1490,None,€ 7.000,Le modèle Liebherr GGPv 1490 est peu énergivore et dispose d'un intérieur GN 2/1 en acier nickel chrome de 1361 litres. La plage de température est réglable entre -10 °C et -26 °C. Le gaz chaud assure un dégivrage rapide et automatique.,1361 l,H 212 x L 143 x D 83 cm
GGPv 6570 ProfiLine,Appareils professionnels/Gastronomie/Congélateurs pour la gastronomie/GGPv 6570,None,€ 4.200,Le congélateur Liebherr GGPv 6570 offre une capacité de congélation professionnelle avec intérieur GN 2/1. La plage de température est réglable au degré près entre -10 °C et -26 °C. L'armoire tout en acier dispose de portes à fermeture automatique et se nettoie facilement grâce aux nervures préformées dans la cuve intérieure.,597 l,H 212 x L 70 x D 83 cm
GGPv 6577 ProfiLine,Appareils professionnels/Gastronomie/Congélateurs pour la gastronomie/GGPv 6577,None,€ 4.700,Le congélateur Liebherr GGPv 6577 offre une capacité de congélation professionnelle avec intérieur GN 2/1. La plage de température est réglable au degré près entre -10 °C et -26 °C. L'armoire tout en acier dispose de portes à fermeture automatique et se nettoie facilement grâce aux nervures préformées dans la cuve intérieure.,596 l,"H 212 x L 70 x D 83,8 cm"
GGPv 6590 ProfiPremiumline,Appareils professionnels/Gastronomie/Congélateurs pour la gastronomie/GGPv 6590,None,€ 4.700,Le modèle Liebherr GGPv 6590 est peu énergivore et dispose d'un intérieur GN 2/1 en acier nickel chrome de 600 litres. La plage de température est réglable entre -10 °C et -26 °C. Le gaz chaud permet un dégivrage rapide et automatique.,597 l,H 212 x L 70 x D 83 cm
GCv 4060 ProfiLine,Appareils professionnels/Gastronomie/Combinés pour la gastronomie/GCv 4060,None,€ 2.400,Le modèle Liebherr GCv 4060 est un combiné réfrigérateur/congélateur gastronorme 2/3 tout en acier inoxydable. La température de la partie réfrigérateur est à réglage digital allant de +1 °C à + 15 °C et le ventilateur est commutable séparément. La partie congélateur statique complètement séparée a une plage de température de -14 °C à -28 °C.,361 l,"H 200,3 x L 59,7 x D 66,5 cm"
LKPv 1420 MediLine,Appareils professionnels/Laboratoire/Réfrigérateurs de laboratoire/LKPv 1420,None,€ 8.000,"Le modèle Liebherr LKPv 1420 offre une capacité de réfrigération de plus de 1400 litres pour un usage médical et de laboratoire. La plage de température se situe entre -2 °C et +16 °C, l'affichage digital est précis au 0,1 °C près. Plusieurs tiroirs coulissants AluCool (accessoire) peuvent être installés.",1366 l,H 216 x L 143 x D 83 cm
LKPv 1423 MediLine,Appareils professionnels/Laboratoire/Réfrigérateurs de laboratoire/LKPv 1423,None,€ 9.000,"Le modèle Liebherr LKPv 1423 offre une capacité de réfrigération de plus de 1400 litres pour un usage médical et de laboratoire. La plage de température s'étend de 0 °C à +16 °C, l'affichage digital est précis aà 0,1 °C près. Les portes sont pourvues d'un verre isolant. L'éclairage de plafond LED est commutable séparément.",1397 l,H 216 x L 143 x D 83 cm
LKPv 6520 MediLine,Appareils professionnels/Laboratoire/Réfrigérateurs de laboratoire/LKPv 6520,None,€ 5.500,"Le modèle Liebherr LKPv 6520 offre une capacité de réfrigération de plus de 600 litres pour un usage médical et de laboratoire. La plage de température se situe entre -2 °C et +16 °C, l'affichage digital est précis au 0,1 °C près. Plusieurs tiroirs coulissants AluCool (accessoire) peuvent être installés.",602 l,H 216 x L 70 x D 83 cm
LKPv 6523 MediLine,Appareils professionnels/Laboratoire/Réfrigérateurs de laboratoire/LKPv 6523,None,€ 6.000,"Le modèle Liebherr LKPv 6523 offre une capacité de réfrigération de plus de 600 litres pour un usage médical et de laboratoire. La plage de température s'étend de 0 °C à +16 °C, L'affichage digital est précis au 0,1 °C. La porte est pourvue d'un verre isolant, l'éclairage de plafond LED est commutable séparément.",617 l,H 216 x L 70 x D 83 cm
LKPv 6527 MediLine,Appareils professionnels/Laboratoire/Réfrigérateurs de laboratoire/LKPv 6527,None,€ 6.000,"Le Liebherr LKPv 6527 offre 464 litres d'espace de refroidissement net accessibles via deux portes séparées. En plaçant les produits fréquemment utilisés en haut et les produits moins fréquemment requis au bas, une précieuse économie d'énergie est réalisée. Si vous le souhaitez, vous pouvez accrocher un certain nombre de tiroirs AluCool (accessoire).",598 l,H 216 x L 70 x D 83 cm
LKPv 8420 MediLine,Appareils professionnels/Laboratoire/Réfrigérateurs de laboratoire/LKPv 8420,None,€ 6.700,"Le modèle Liebherr LKPv 8420 offre, Grâce à une exécution extra large et profonde, une capacité de réfrigération de plus de 850 litres pour un usage médical et de laboratoire. La plage de température se situe entre -2 °C et +16 °C, l'affichage digital est précis au 0,1 °C près. Des tiroirs coulissants AluCool (accessoire) peuvent être installés.",855 l,H 216 x L 79 x D 98 cm
LKUv 1610 MediLine,Appareils professionnels/Laboratoire/Réfrigérateurs de laboratoire/LKUv 1610,None,€ 1.750,"Le modèle Liebherr LKUv 1610 Mediline offre une capacité de réfrigération de plus de 140 litres, avec une plage de température de 3 °C à + 16 °C. La porte à fermeture automatique et les 3 grilles de support réglables sont d'un usage pratique. L'affichage digital de la température est précis au 0,1 °C près.",142 l,"H 82 x L 60,1 x D 61,8 cm"
LKUv 1613 MediLine,Appareils professionnels/Laboratoire/Réfrigérateurs de laboratoire/LKUv 1613,None,€ 1.950,"Le modèle Liebherr LKUv 1613 Mediline offre une capacité de réfrigération de 140 litres dans une plage de température de +3 °C à + 16 °C. La porte à fermeture automatique est équipée d'un verre isolant, l'éclairage plafond LED est commutable séparément.",152 l,"H 82 x L 60,1 x D 61,8 cm"
LKv 3913 MediLine,Appareils professionnels/Laboratoire/Réfrigérateurs de laboratoire/LKv 3913,None,€ 2.650,"Le modèle Liebherr LKUv 3913 Mediline offre une capacité de réfrigération de plus de 360 litres, avec plage de température allant de +3 °C à +16 °C. La porte à fermeture automatique est pourvue d'un verre isolant, l'éclairage de plafond LED est commutable séparément.",386 l,"H 184 x L 60,1 x D 61,8 cm"
LKv 5710 MediLine,Appareils professionnels/Laboratoire/Réfrigérateurs de laboratoire/LKv 5710,None,€ 3.000,"Le Liebherr LKv 5710 Mediline offre avec 583 litres un énorme espace de refroidissement avec une plage de température de +3 °C à +16 °C. La porte à fermeture automatique et les cinq grilles réglables sont pratiques à utiliser. La température est affichée de façon digitale et peut être ajustée avec précision à 0,1 °C près.",583 l,"H 184,4 x L 75,1 x D 75 cm"
SRFvg 3501-20 Performance,Appareils professionnels/Laboratoire/Réfrigérateurs de laboratoire/SRFvg 3501-20,None,€ 2.200,"L'intérieur facile à nettoyer, la poignée antimicrobienne avec mécanisme d'ouverture et la navigation intuitive dans le menu garantissent une utilisation confortable. Les fluctuations de température minimales garantissent la qualité des substances sensibles, et l'éclairage LED au plafond offre une visibilité optimale, ce qui permet de refermer la porte rapidement. Les températures min/max sont enregistrées et peuvent être consultées pendant 42 jours. En cas de dysfonctionnement, la fonction SafetyDevice +2 °C empêche les produits stockés de geler.",344 l,"H 168,4 x L 59,7 x D 65,4 cm"
SRFvg 3511 Performance,Appareils professionnels/Laboratoire/Réfrigérateurs de laboratoire/SRFvg 3511,None,€ 2.400,"L'intérieur facile à nettoyer, la poignée antimicrobienne avec mécanisme d'ouverture et la navigation intuitive dans le menu de ce réfrigérateur à porte vitrée garantissent une utilisation confortable. Les fluctuations de température minimales garantissent la qualité des substances sensibles, et l'éclairage LED du plafond offre une visibilité optimale, ce qui permet de refermer la porte rapidement. Les températures min/max sont enregistrées et peuvent être consultées pendant 42 jours. En cas de dysfonctionnement, la fonction SafetyDevice +2 °C empêche les produits stockés de geler.",367 l,"H 168,4 x L 59,7 x D 65,4 cm"
SRFvg 4001 Performance,Appareils professionnels/Laboratoire/Réfrigérateurs de laboratoire/SRFvg 4001,None,€ 2.400,"L'intérieur facile à nettoyer, la poignée antimicrobienne avec mécanisme d'ouverture et la navigation intuitive dans le menu garantissent une utilisation confortable. Les fluctuations de température minimales garantissent la qualité des substances sensibles, et l'éclairage LED au plafond offre une visibilité optimale, ce qui permet de refermer la porte rapidement. Les températures min/max sont enregistrées et peuvent être consultées pendant 42 jours. En cas de dysfonctionnement, la fonction SafetyDevice +2 °C empêche les produits stockés de geler.",394 l,"H 188,4 x L 59,7 x D 65,4 cm"
SRFvg 4011 Performance,Appareils professionnels/Laboratoire/Réfrigérateurs de laboratoire/SRFvg 4011,None,€ 2.650,"L'intérieur facile à nettoyer, la poignée antimicrobienne avec mécanisme d'ouverture et la navigation intuitive dans le menu de ce réfrigérateur à porte vitrée garantissent une utilisation confortable. Les fluctuations de température minimales garantissent la qualité des substances sensibles, et l'éclairage LED du plafond offre une visibilité optimale, ce qui permet de refermer la porte rapidement. Les températures min/max sont enregistrées et peuvent être consultées pendant 42 jours. En cas de dysfonctionnement, la fonction SafetyDevice +2 °C empêche les produits stockés de geler.",420 l,"H 188,4 x L 59,7 x D 65,4 cm"
SRFvg 5501 Performance,Appareils professionnels/Laboratoire/Réfrigérateurs de laboratoire/SRFvg 5501,None,€ 3.000,"L'intérieur facile à nettoyer, la poignée antimicrobienne avec mécanisme d'ouverture et la navigation intuitive dans le menu garantissent une utilisation confortable. Les fluctuations de température minimales garantissent la qualité des substances sensibles, et l'éclairage LED au plafond offre une visibilité optimale, ce qui permet de refermer la porte rapidement. Les températures min/max sont enregistrées et peuvent être consultées pendant 42 jours. En cas de dysfonctionnement, la fonction SafetyDevice +2 °C empêche les produits stockés de geler.",558 l,"H 168,4 x L 74,7 x D 76,9 cm"
SRFvg 5511 Performance,Appareils professionnels/Laboratoire/Réfrigérateurs de laboratoire/SRFvg 5511,None,€ 3.200,"L'intérieur facile à nettoyer, la poignée antimicrobienne avec mécanisme d'ouverture et la navigation intuitive dans le menu de ce réfrigérateur à porte vitrée garantissent une utilisation confortable. Les fluctuations de température minimales garantissent la qualité des substances sensibles, et l'éclairage LED du plafond offre une visibilité optimale, ce qui permet de refermer la porte rapidement. Les températures min/max sont enregistrées et peuvent être consultées pendant 42 jours. En cas de dysfonctionnement, la fonction SafetyDevice +2 °C empêche les produits stockés de geler.",588 l,"H 168,4 x L 74,7 x D 76,9 cm"
SRFvh 4001 Perfection,Appareils professionnels/Laboratoire/Réfrigérateurs de laboratoire/SRFvh 4001,None,€ 3.000,"L'écran couleur de 2,2 pouces peut également être utilisé avec des gants. En cas d'alarme de température, le système SmartLock verrouille automatiquement la porte, empêchant ainsi les produits dont la chaîne du froid est interrompue de circuler accidentellement. Les personnes autorisées peuvent à nouveau déverrouiller la serrure. Pour garantir une traçabilité totale, l'enregistreur de données intégré enregistre le profil de température, l'historique des alarmes et les informations de service pendant 5 ans. Les données enregistrées peuvent être lues via une interface USB. Conforme DIN 13277.",394 l,"H 188,4 x L 59,7 x D 65,4 cm"
SRFvh 4011 Perfection,Appareils professionnels/Laboratoire/Réfrigérateurs de laboratoire/SRFvh 4011,None,€ 3.200,"L'écran couleur de 2,2 pouces peut également être utilisé avec des gants. En cas d'alarme de température, le système SmartLock verrouille automatiquement la porte, empêchant ainsi les produits dont la chaîne du froid est interrompue de circuler accidentellement. Les personnes autorisées peuvent à nouveau déverrouiller la serrure. Pour garantir une traçabilité totale, l'enregistreur de données intégré enregistre le profil de température, l'historique des alarmes et les informations de service pendant 5 ans. Les données enregistrées peuvent être lues via une interface USB. Conforme DIN 13277.",420 l,"H 188,4 x L 59,7 x D 65,4 cm"
SRFvh 5501 Perfection,Appareils professionnels/Laboratoire/Réfrigérateurs de laboratoire/SRFvh 5501,None,€ 3.400,"L'écran couleur de 2,2 pouces peut également être utilisé avec des gants. En cas d'alarme de température, le système SmartLock verrouille automatiquement la porte, empêchant ainsi les produits dont la chaîne du froid est interrompue de circuler accidentellement. Les personnes autorisées peuvent à nouveau déverrouiller la serrure. Pour garantir une traçabilité totale, l'enregistreur de données intégré enregistre le profil de température, l'historique des alarmes et les informations de service pendant 5 ans. Les données enregistrées peuvent être lues via une interface USB. Conforme DIN 13277.",558 l,"H 179,3 x L 74,7 x D 76,9 cm"
SRFvh 5511 Perfection,Appareils professionnels/Laboratoire/Réfrigérateurs de laboratoire/SRFvh 5511,None,€ 3.600,"L'écran couleur de 2,2 pouces peut également être utilisé avec des gants. En cas d'alarme de température, le système SmartLock verrouille automatiquement la porte, empêchant ainsi les produits dont la chaîne du froid est interrompue de circuler accidentellement. Les personnes autorisées peuvent à nouveau déverrouiller la serrure. Pour garantir une traçabilité totale, l'enregistreur de données intégré enregistre le profil de température, l'historique des alarmes et les informations de service pendant 5 ans. Les données enregistrées peuvent être lues via une interface USB. Conforme DIN 13277.",588 l,"H 179,3 x L 74,7 x D 76,9 cm"
LKexv 1800 MediLine,Appareils professionnels/Laboratoire/Réfrigérateurs de laboratoire antidéflagrants/LKexv 1800,None,€ 1.600,Le modèle Liebherr LKexv 1800 a été conçu pour conserver les matières facilement inflammables en vertu des dispositions ATEX 114. Ce réfrigérateur est équipé de tablettes en verre et a une capacité de réfrigération de 180 litres dans une plage de température de +1 °C à + 15 °C.,180 l,H 86 x L 60 x D 60 cm
LKexv 2600 MediLine,Appareils professionnels/Laboratoire/Réfrigérateurs de laboratoire antidéflagrants/LKexv 2600,None,€ 1.700,Le modèle Liebherr LKexv 2600 a été conçu pour conserver les matières facilement inflammables en vertu des dispositions ATEX 114. Ce réfrigérateur est équipé de tablettes en verre et a une capacité de réfrigération de 240 litres dans une plage de température de +1 °C à + 15 °C.,240 l,H 125 x L 60 x D 61 cm
LKexv 3600 MediLine,Appareils professionnels/Laboratoire/Réfrigérateurs de laboratoire antidéflagrants/LKexv 3600,None,€ 1.900,Le modèle Liebherr LKexv 3600 a été conçu pour conserver les matières facilement inflammables en vertu des dispositions ATEX 114. Ce réfrigérateur est équipé de tablettes en verre et a une capacité de réfrigération de 333 litres dans une plage de température de +1 °C à + 15 °C.,333 l,"H 164,1 x L 60 x D 61 cm"
LKUexv 1610 MediLine,Appareils professionnels/Laboratoire/Réfrigérateurs de laboratoire antidéflagrants/LKUexv 1610,None,€ 1.850,"Le modèle Liebherr LKUexv 1610 avec cuve intérieure antidéflagrante offre une capacité de réfrigération de plus de 140 litres, avec une plage de température de +3 °C à +16 °C. Les trois clayettes en verre réglables sont d'un usage pratique. L'affichage digital de la température est précis au 0,1 °C près.",141 l,"H 82 x L 60,1 x D 61,8 cm"
SRFfg 3501 Performance,Appareils professionnels/Laboratoire/Réfrigérateurs de laboratoire antidéflagrants/SRFfg 3501,None,€ 2.400,"Ce réfrigérateur convient pour le stockage en toute sécurité de substances hautement inflammables et sensibles aux explosions. L'intérieur facile à nettoyer, la poignée antimicrobienne avec mécanisme d'ouverture et la navigation intuitive dans le menu garantissent une utilisation confortable. Des fluctuations de température minimales garantissent la qualité des substances sensibles. Les températures min/max sont enregistrées et peuvent être consultées pendant 42 jours. En cas de dysfonctionnement, la fonction SafetyDevice +2 °C empêche les produits stockés de geler.",344 l,"H 168,4 x L 59,7 x D 65,4 cm"
SRFfg 4001 Performance,Appareils professionnels/Laboratoire/Réfrigérateurs de laboratoire antidéflagrants/SRFfg 4001,None,€ 2.500,"Ce réfrigérateur convient pour le stockage en toute sécurité de substances hautement inflammables et sensibles aux explosions. L'intérieur facile à nettoyer, la poignée antimicrobienne avec mécanisme d'ouverture et la navigation intuitive dans le menu garantissent une utilisation confortable. Des fluctuations de température minimales garantissent la qualité des substances sensibles. Les températures min/max sont enregistrées et peuvent être consultées pendant 42 jours. En cas de dysfonctionnement, la fonction SafetyDevice +2 °C empêche les produits stockés de geler.",394 l,"H 188,4 x L 59,7 x D 65,4 cm"
SRFfg 5501 Performance,Appareils professionnels/Laboratoire/Réfrigérateurs de laboratoire antidéflagrants/SRFfg 5501,None,€ 2.800,"Ce réfrigérateur convient pour le stockage en toute sécurité de substances hautement inflammables et sensibles aux explosions. L'intérieur facile à nettoyer, la poignée antimicrobienne avec mécanisme d'ouverture et la navigation intuitive dans le menu garantissent une utilisation confortable. Des fluctuations de température minimales garantissent la qualité des substances sensibles. Les températures min/max sont enregistrées et peuvent être consultées pendant 42 jours. En cas de dysfonctionnement, la fonction SafetyDevice +2 °C empêche les produits stockés de geler.",558 l,"H 168,4 x L 74,7 x D 76,9 cm"
HMFvh 4001 Perfection,Appareils professionnels/Laboratoire/Réfrigérateurs pour produits pharmaceutiques/HMFvh 4001,None,€ 3.100,,394 l,"H 188,4 x L 59,7 x D 65,4 cm"
HMFvh 4001/H63 Perfection,Appareils professionnels/Laboratoire/Réfrigérateurs pour produits pharmaceutiques/HMFvh 4001/H63,None,€ 4.400,"Ce réfrigérateur avec tiroirs coulissants en aluminium pour le stockage de médicaments (DIN 13277) est doté d'un écran couleur de 2,2 pouces qui peut également être utilisé avec des gants. En cas d'alarme de température, SmartLock verrouille la porte, empêchant ainsi les produits dont la chaîne du froid est interrompue de circuler accidentellement. Les personnes autorisées peuvent à nouveau déverrouiller la serrure. Pour garantir une traçabilité totale, l'enregistreur de données intégré enregistre le profil de température, l'historique des alarmes et les informations de service pendant 5 ans.",394 l,"H 188,4 x L 59,7 x D 65,4 cm"
HMFvh 4011 Perfection,Appareils professionnels/Laboratoire/Réfrigérateurs pour produits pharmaceutiques/HMFvh 4011,None,€ 3.500,,420 l,"H 188,4 x L 59,7 x D 65,4 cm"
HMFvh 4011/H63 Perfection,Appareils professionnels/Laboratoire/Réfrigérateurs pour produits pharmaceutiques/HMFvh 4011/H63,None,€ 4.800,"Ce réfrigérateur avec tiroirs coulissants en aluminium pour le stockage de médicaments (DIN 13277) est doté d'un écran couleur de 2,2 pouces qui peut également être utilisé avec des gants. En cas d'alarme de température, SmartLock verrouille la porte, empêchant ainsi les produits dont la chaîne du froid est interrompue de circuler accidentellement. Les personnes autorisées peuvent à nouveau déverrouiller la serrure. Pour garantir une traçabilité totale, l'enregistreur de données intégré enregistre le profil de température, l'historique des alarmes et les informations de service pendant 5 ans.",420 l,"H 188,4 x L 59,7 x D 65,4 cm"
HMFvh 5501 Perfection,Appareils professionnels/Laboratoire/Réfrigérateurs pour produits pharmaceutiques/HMFvh 5501,None,€ 3.600,,558 l,"H 179,3 x L 74,7 x D 76,9 cm"
HMFvh 5501.H63 Perfection,Appareils professionnels/Laboratoire/Réfrigérateurs pour produits pharmaceutiques/HMFvh 5501.H63,None,€ 5.000,"Ce réfrigérateur avec tiroirs coulissants en aluminium pour le stockage de médicaments (DIN 13277) est doté d'un écran couleur de 2,2 pouces qui peut également être utilisé avec des gants. En cas d'alarme de température, SmartLock verrouille la porte, empêchant ainsi les produits dont la chaîne du froid est interrompue de circuler accidentellement. Les personnes autorisées peuvent à nouveau déverrouiller la serrure. Pour garantir une traçabilité totale, l'enregistreur de données intégré enregistre le profil de température, l'historique des alarmes et les informations de service pendant 5 ans.",558 l,"H 179,3 x L 74,7 x D 76,9 cm"
HMFvh 5511 Perfection,Appareils professionnels/Laboratoire/Réfrigérateurs pour produits pharmaceutiques/HMFvh 5511,"Blanc, Blanc",€ 3.800,,588 l,"H 179,3 x L 74,7 x D 76,9 cm"
MKUv 1610 MediLine,Appareils professionnels/Laboratoire/Réfrigérateurs pour produits pharmaceutiques/MKUv 1610,None,€ 2.200,"Le réfrigérateur médical Liebherr MKUv 1610 offre une capacité de réfrigération de plus de 140 litres, avec une plage de température de +5°C ( ± 3K). La porte à fermeture automatique et les 3 grilles de support réglables sont d'un usage pratique. Quatre tiroirs AluCool (accessoire) avec compartiments de rangement peuvent au maximum être installés.",142 l,"H 82 x L 60,1 x D 61,8 cm"
MKUv 1610/H63 MediLine,Appareils professionnels/Laboratoire/Réfrigérateurs pour produits pharmaceutiques/MKUv 1610/H63,None,€ 3.100,"Le réfrigérateur médical Liebherr MKUv 1610 offre une capacité de réfrigération de plus de 140 litres, avec une plage de température de +5°C ( ± 3K). La porte à fermeture automatique et 3 tiroirs AluCool avec compartiments de rangement sont d'un usage pratique.",142 l,"H 82 x L 60,1 x D 61,8 cm"
MKUv 1613 MediLine,Appareils professionnels/Laboratoire/Réfrigérateurs pour produits pharmaceutiques/MKUv 1613,None,€ 2.500,Le réfrigérateur médical Liebherr MKUv 1613 offre une capacité de réfrigération avec une plage de température de +5°C ( ± 3K). La porte à fermeture automatique est pourvue d'un verre isolant et l'éclairage de plafond LED est commutable séparément. Des tiroirs AluCool (accessoire) peuvent être installés.,152 l,"H 82 x L 60,1 x D 61,8 cm"
MKUv 1613/H63 MediLine,Appareils professionnels/Laboratoire/Réfrigérateurs pour produits pharmaceutiques/MKUv 1613/H63,None,€ 3.300,Le réfrigérateur médical Liebherr MKUv 1613 offre une capacité de réfrigération avec une plage de température de +5°C ( ± 3K). La porte à fermeture automatique est pourvue d'un verre isolant et l'éclairage de plafond LED est commutable séparément. Le modèle est livré en standard avec 3 tiroirs AluCool avec compartiment diviseur pratique.,152 l,"H 82 x L 60,1 x D 61,8 cm"
LCexv 4010 MediLine,Appareils professionnels/Laboratoire/Combinés de laboratoire/LCexv 4010,None,€ 3.300,"Le modèle Liebherr LCexv 4010 est antidéflagrant (zone 2) et combine la réfrigération et la congélation en un appareil compact, avec réglage complètement distinct. Diverses alarmes et des contacts libres de potentiel pour raccordement à un système d'alarme central sont disponibles.",361 l,"H 200,3 x L 60,1 x D 61,8 cm"
LCv 4010 MediLine,Appareils professionnels/Laboratoire/Combinés de laboratoire/LCv 4010,None,€ 3.200,"Le modèle Liebherr LCv 4010 MediLine combine la réfrigération et la congélation en un appareil compact. Leur commande est tout à fait distincte et la température peut être réglée avec une précision de 0,1 °C. Diverses alarmes et des raccordements à un système central de connexion et d'alarme sont disponibles.",361 l,"H 200,3 x L 60,1 x D 61,8 cm"
LGPv 1420 MediLine,Appareils professionnels/Laboratoire/Congélateurs de laboratoire/LGPv 1420,None,€ 8.500,"Le modèle Liebherr LGPv 1420 offre une capacité de congélation de plus de 1400 litres pour un usage médical et de laboratoire. La plage de température se situe entre -10 °C et -26 °C, l'affichage digital est précis au 0,1 °C près. L'appareil dispose de différentes alarmes et la date, l'heure et la température sont enregistrées toutes les 4 minutes.",1366 l,H 216 x L 143 x D 83 cm
LGPv 6520 MediLine,Appareils professionnels/Laboratoire/Congélateurs de laboratoire/LGPv 6520,None,€ 6.400,"Le modèle Liebherr LGPv 6520 offre une capacité de congélation de plus de 600 litres pour un usage médical et de laboratoire. La plage de température se situe entre -10 °C et -35 °C, l'affichage digital est précis au 0,1 °C près. L'appareil dispose de différentes alarmes et la date, l'heure et la température sont enregistrées toutes les 4 minutes.",602 l,H 216 x L 70 x D 83 cm
LGPv 6527 MediLine,Appareils professionnels/Laboratoire/Congélateurs de laboratoire/LGPv 6527,None,€ 6.800,"Le Liebherr LGPv 6527 offre 464 litres d'espace de congélation net accessible via deux portes séparées. En plaçant les produits fréquemment utilisés en haut et les produits moins fréquemment requis en bas de l'appareil, une précieuse économie d'énergie est réalisée. L'armoire dispose également du dégivrage automatique et d'un système d'alarme complet.",598 l,H 216 x L 70 x D 83 cm
LGPv 8420 MediLine,Appareils professionnels/Laboratoire/Congélateurs de laboratoire/LGPv 8420,None,€ 7.300,"Le modèle Liebherr LGPv 8420 offre une grande capacité de congélation de 850 litres pour un usage médical et de laboratoire. La plage de température est réglable entre -10 °C et -35 °C, l'affichage digital est sur 0,1 °C précis. L'équipement dispose de différentes alarmes et la date, l'heure et la température sont enregistrées toutes les 4 minutes.",855 l,H 216 x L 79 x D 98 cm
LGUex 1500 MediLine,Appareils professionnels/Laboratoire/Congélateurs de laboratoire/LGUex 1500,None,€ 1.800,"Le modèle Liebherr LGUex 1500 avec cuve intérieure antidéflagrante offre une capacité de congélation de 139 litres, avec une plage de température de -9 °C à -26 °C. Exécution avec double alarme et contact libre de potentiel, les températures les plus élevées et les plus basses sont à lire sur l'affichage pendant un maximum de 40 jours.",139 l,"H 82 x L 60,1 x D 61,8 cm"
LGv 5010 MediLine,Appareils professionnels/Laboratoire/Congélateurs de laboratoire/LGv 5010,None,€ 3.500,"Le Liebherr LGv 5010 offre plus de 337 litres d'espace de congélation pour un usage médical et de laboratoire. La plage de température s'étend de -9 °C à -35 °C, l'affichage digital est précis à 0,1 °C près. L'armoire dispose de divers systèmes d'alarme et d'un système de dégivrage automatique (NoFrost).",478 l,"H 184,4 x L 75,1 x D 75 cm"
SFFfg 4001 Performance,Appareils professionnels/Laboratoire/Congélateurs de laboratoire/SFFfg 4001,None,€ 2.600,,316 l,"H 188,4 x L 59,7 x D 65,4 cm"
SFFfg 4001/740 Performance,Appareils professionnels/Laboratoire/Congélateurs de laboratoire/SFFfg 4001/740,None,€ 3.000,"Ce congélateur à tiroirs ergonomique convient au stockage de substances inflammables dans des récipients fermés et produit moins de givre grâce au système SmartFrost, ce qui facilite le dégivrage et le rend moins fréquent. L'intérieur facile à nettoyer, la poignée antimicrobienne avec mécanisme d'ouverture et la navigation intuitive dans le menu garantissent une utilisation confortable. Des fluctuations de température minimales garantissent la qualité des substances sensibles. Les températures min/max sont enregistrées et peuvent être consultées pendant 42 jours.",316 l,"H 188,4 x L 59,7 x D 65,4 cm"
SFFfg 5501 Performance,Appareils professionnels/Laboratoire/Congélateurs de laboratoire/SFFfg 5501,None,€ 3.000,"Adapté au stockage de substances inflammables dans des récipients fermés, ce congélateur peu énergivore produit moins de givre grâce au système SmartFrost, ce qui facilite les dégivrages et les rend moins fréquents. L'intérieur facile à nettoyer, la poignée antimicrobienne avec mécanisme d'ouverture et la navigation intuitive dans le menu garantissent une utilisation confortable. Les fluctuations de température minimales garantissent la qualité des substances sensibles. Les températures min/max sont enregistrées et peuvent être consultées pendant 42 jours.",499 l,"H 168,4 x L 74,7 x D 76,9 cm"
SFFfg 5501/740 Performance,Appareils professionnels/Laboratoire/Congélateurs de laboratoire/SFFfg 5501/740,None,€ 3.600,,499 l,"H 168,4 x L 74,7 x D 76,9 cm"
SFFsg 4001 Performance,Appareils professionnels/Laboratoire/Congélateurs de laboratoire/SFFsg 4001,None,€ 2.500,,316 l,"H 188,4 x L 59,7 x D 65,4 cm"
SFFsg 4001/740 Performance,Appareils professionnels/Laboratoire/Congélateurs de laboratoire/SFFsg 4001/740,None,€ 2.900,"Ce congélateur à tiroirs ergonomique produit moins de givre grâce au système SmartFrost, ce qui facilite les dégivrages et les rend moins fréquents. L'intérieur facile à nettoyer, la poignée antimicrobienne avec mécanisme d'ouverture et la navigation intuitive dans le menu garantissent une utilisation confortable. Les fluctuations de température minimales garantissent la qualité des substances sensibles. Les températures min/max sont enregistrées et peuvent être consultées pendant 42 jours. L'éclairage LED au plafond permet de toujours bien voir les substances stockées.",316 l,"H 188,4 x L 59,7 x D 65,4 cm"
SFFsg 5501 Performance,Appareils professionnels/Laboratoire/Congélateurs de laboratoire/SFFsg 5501,None,€ 3.000,"Ce congélateur peu énergivore produit moins de givre grâce au système SmartFrost, ce qui facilite les dégivrages et les rend moins fréquents. L'intérieur facile à nettoyer, la poignée antimicrobienne avec mécanisme d'ouverture et la navigation intuitive dans le menu garantissent une utilisation confortable. Les fluctuations de température minimales garantissent la qualité des substances sensibles. Les températures min/max sont enregistrées et peuvent être consultées pendant 42 jours. L'éclairage LED au plafond permet de toujours bien voir les substances stockées.",499 l,"H 168,4 x L 74,7 x D 76,9 cm"
SFFsg 5501/740 Performance,Appareils professionnels/Laboratoire/Congélateurs de laboratoire/SFFsg 5501/740,None,€ 3.500,,499 l,"H 168,4 x L 74,7 x D 76,9 cm"
SFFvh 5501 Perfection,Appareils professionnels/Laboratoire/Congélateurs de laboratoire/SFFvh 5501,None,€ 3.700,"Grâce à la technologie NoFrost, fini le dégivrage. L'écran couleur de 2,2 pouces (12 langues) peut également être utilisé avec des gants. Ce modèle est équipé d'une serrure électronique avec un code PIN à 4 chiffres qui peut être défini par équipe. Pour garantir une traçabilité totale, l'enregistreur de données intégré enregistre le profil de température, l'historique des alarmes et les informations de service pendant 5 ans. Une interface USB permet de lire les données stockées dans l'appareil. Ce modèle est certifié DIN 13277.",472 l,"H 179,3 x L 74,7 x D 76,9 cm"
EFE 1152,Appareils professionnels/Conservateurs de crème glacée/EFE 1152,None,€ 900,"Le modèle Liebherr EFE 1152 est un conservateur à glace, avec une plage de température de -10 °C à -24 °C. L'éclairage LED se charge de présenter vos produits comme il se doit. Offre toujours un accès rapide à l'aide des couvercles coulissants en verre trempé et facile à déplacer grâce aux 4 doubles roulettes pivotantes. Des paniers suspendus et un verrou sont disponibles en accessoire.",None,"H 82,5 x L 75,1 x D 46,1 cm"
EFE 1552,Appareils professionnels/Conservateurs de crème glacée/EFE 1552,None,€ 1.000,"Le modèle Liebherr EFE 1552 est un conservateur à glace, avec une plage de température de -10 °C à -24 °C. L'éclairage LED se charge de présenter vos produits comme il se doit. Offre toujours un accès rapide à l'aide des couvercles coulissants en verre trempé et facile à déplacer grâce aux 4 doubles roulettes pivotantes. Des paniers suspendus et un verrou sont disponibles en accessoire.",None,"H 82,5 x L 62,5 x D 66,1 cm"
EFE 2200,Appareils professionnels/Conservateurs de crème glacée/EFE 2200,None,€ 1.000,"Le modèle Liebherr EFE 2200 est un conservateur à glace, avec une plage de température de -10 °C à -24 °C. Offre toujours un accès rapide à l'aide des couvercles coulissants en aluminium et facile à déplacer grâce aux 4 doubles roulettes pivotantes. Des paniers suspendus et un verrou sont disponibles en accessoire.",213 l,"H 84 x L 83,5 x D 66,1 cm"
EFE 2252,Appareils professionnels/Conservateurs de crème glacée/EFE 2252,None,€ 1.100,"Le modèle Liebherr EFE 2252 est un conservateur à glace, avec une plage de température de -10 °C à -24 °C. L'éclairage LED se charge de présenter vos produits comme il se doit. Offre toujours un accès rapide à l'aide des couvercles coulissants en verre trempé et facile à déplacer grâce aux 4 doubles roulettes pivotantes. Des paniers suspendus et un verrou sont disponibles en accessoire.",None,"H 82,5 x L 83,5 x D 66,1 cm"
EFE 3000,Appareils professionnels/Conservateurs de crème glacée/EFE 3000,None,€ 1.050,"Le modèle Liebherr EFE 3000 est un conservateur à glace, avec une plage de température de -10 °C à -24 °C. Offre toujours un accès rapide à l'aide des couvercles coulissants en aluminium et facile à déplacer grâce aux 4 doubles roulettes pivotantes. Des paniers suspendus et un verrou sont disponibles en accessoire.",None,"H 84 x L 104,5 x D 66,1 cm"
EFE 3052,Appareils professionnels/Conservateurs de crème glacée/EFE 3052,None,€ 1.250,"Le modèle Liebherr EFE 3052 est un conservateur à glace, avec une plage de température de -10 °C à -24 °C. L'éclairage LED se charge de présenter vos produits comme il se doit. Offre toujours un accès rapide à l'aide des couvercles coulissants en verre trempé et facile à déplacer grâce aux 4 doubles roulettes pivotantes. Des paniers suspendus et un verrou sont disponibles en accessoire.",None,"H 82,5 x L 104,5 x D 66,1 cm"
EFE 3800,Appareils professionnels/Conservateurs de crème glacée/EFE 3800,None,€ 1.350,"Le modèle Liebherr EFE 3800 est un conservateur à glace, avec une plage de température de -10 °C à -24 °C. Offre toujours un accès rapide à l'aide des couvercles coulissants en aluminium et facile à déplacer grâce aux 4 doubles roulettes pivotantes. Des paniers suspendus et un verrou sont disponibles en accessoire.",None,"H 84 x L 125,5 x D 66,1 cm"
EFE 3852,Appareils professionnels/Conservateurs de crème glacée/EFE 3852,None,€ 1.450,"Le modèle Liebherr EFE 3852 est un conservateur à glace, avec une plage de température de -10 °C à -24 °C. L'éclairage LED se charge de présenter vos produits comme il se doit. Offre toujours un accès rapide à l'aide des couvercles coulissants en verre trempé et facile à déplacer grâce aux 4 doubles roulettes pivotantes. Des paniers suspendus et un verrou sont disponibles en accessoire.",None,"H 82,5 x L 125,5 x D 66,1 cm"
EFE 4600,Appareils professionnels/Conservateurs de crème glacée/EFE 4600,None,€ 1.450,"Le modèle Liebherr EFE 4600 est un conservateur à glace, avec une plage de température de -10 °C à -24 °C. Offre toujours un accès rapide à l'aide des couvercles coulissants en aluminium et facile à déplacer grâce aux 4 doubles roulettes pivotantes. Des paniers suspendus et un verrou sont disponibles en accessoire.",None,"H 84 x L 146,5 x D 66,1 cm"
EFE 4652,Appareils professionnels/Conservateurs de crème glacée/EFE 4652,None,€ 1.550,"Le modèle Liebherr EFE 4652 est un conservateur à glace, avec une plage de température de -10 °C à -24 °C. L'éclairage LED se charge de présenter vos produits comme il se doit. Offre toujours un accès rapide à l'aide des couvercles coulissants en verre trempé et facile à déplacer grâce aux 4 doubles roulettes pivotantes. Des paniers suspendus et un verrou sont disponibles en accessoire.",None,"H 82,5 x L 146,5 x D 66,1 cm"
EFE 5100,Appareils professionnels/Conservateurs de crème glacée/EFE 5100,None,€ 1.550,"Le modèle Liebherr EFE 5100 est un conservateur à glace, avec une plage de température de -10 °C à -24 °C. Offre toujours un accès rapide à l'aide des couvercles coulissants en aluminium et facile à déplacer grâce aux 4 doubles roulettes pivotantes. Des paniers suspendus et un verrou sont disponibles en accessoire.",None,"H 84 x L 167,5 x D 66,1 cm"
EFE 5152,Appareils professionnels/Conservateurs de crème glacée/EFE 5152,None,€ 1.650,"Le modèle Liebherr EFE 5152 est un conservateur à glace, avec une plage de température de -10 °C à -24 °C. L'éclairage LED se charge de présenter vos produits comme il se doit. Offre toujours un accès rapide à l'aide des couvercles coulissants en verre trempé et facile à déplacer grâce aux 4 doubles roulettes pivotantes. Des paniers suspendus et un verrou sont disponibles en accessoire.",None,"H 82,5 x L 167,5 x D 66,1 cm"
EFE 6052,Appareils professionnels/Conservateurs de crème glacée/EFE 6052,None,€ 1.850,"Le modèle Liebherr EFE 6052 est un conservateur à glace, avec une plage de température de -10 °C à -24 °C. L'éclairage LED se charge de présenter vos produits comme il se doit. Offre toujours un accès rapide à l'aide des couvercles coulissants en verre trempé et facile à déplacer grâce aux 4 doubles roulettes pivotantes. Des paniers suspendus et un verrou sont disponibles en accessoire.",None,"H 82,5 x L 188,5 x D 66,1 cm"
EFI 1453,Appareils professionnels/Conservateurs de crème glacée/EFI 1453,None,€ 1.150,"Le modèle Liebherr EFI 1453 est un conservateur à glace, avec une plage de température de -10 °C à -24 °C et un éclairage LED sur toute la largeur intérieure. Toujours un bon aperçu et un accès rapide à l'aide des couvercles coulissants en verre trempé et facile à déplacer grâce aux 4 doubles roulettes pivotantes. Des paniers suspendus et un verrou sont disponibles en accessoire.",138 l,"H 82,5 x L 62,5 x D 66,1 cm"
EFI 2153,Appareils professionnels/Conservateurs de crème glacée/EFI 2153,None,€ 1.200,"Le modèle Liebherr EFI 2153 est un conservateur à glace, avec une plage de température de -10 °C à -24 °C et un éclairage LED sur toute la largeur intérieure. Toujours un bon aperçu et un accès rapide à l'aide des couvercles coulissants en verre trempé et facile à déplacer grâce aux 4 doubles roulettes pivotantes. Des paniers suspendus et un verrou sont disponibles en accessoire.",211 l,"H 82,5 x L 83,5 x D 66,1 cm"
EFI 2853,Appareils professionnels/Conservateurs de crème glacée/EFI 2853,None,€ 1.300,"Le modèle Liebherr EFI 2853 est un conservateur à glace, avec une plage de température de -10 °C à -24 °C et un éclairage LED sur toute la largeur intérieure. Toujours un bon aperçu et un accès rapide à l'aide des couvercles coulissants en verre trempé et facile à déplacer grâce aux 4 doubles roulettes pivotantes. Des paniers suspendus et un verrou sont disponibles en accessoire.",282 l,"H 82,5 x L 104,5 x D 66,1 cm"
EFI 3553,Appareils professionnels/Conservateurs de crème glacée/EFI 3553,None,€ 1.450,"Le modèle Liebherr EFI 3553 est un conservateur à glace, avec une plage de température de -10 °C à -24 °C et un éclairage LED sur toute la largeur intérieure. Toujours un bon aperçu et un accès rapide à l'aide des couvercles coulissants en verre trempé et facile à déplacer grâce aux 4 doubles roulettes pivotantes. Des paniers suspendus et un verrou sont disponibles en accessoire.",355 l,"H 82,5 x L 125,5 x D 66,1 cm"
EFI 4453,Appareils professionnels/Conservateurs de crème glacée/EFI 4453,None,€ 1.550,"Le modèle Liebherr EFI 4453 est un conservateur à glace, avec une plage de température de -10 °C à -24 °C et un éclairage LED sur toute la largeur intérieure. Toujours un bon aperçu et un accès rapide à l'aide des couvercles coulissants en verre trempé et facile à déplacer grâce aux 4 doubles roulettes pivotantes. Des paniers suspendus et un verrou sont disponibles en accessoire.",426 l,"H 82,5 x L 146,5 x D 66,1 cm"
EFI 4853,Appareils professionnels/Conservateurs de crème glacée/EFI 4853,None,€ 1.800,"Le modèle Liebherr EFI 4853 est un conservateur à glace, avec une plage de température de -10 °C à -24 °C et un éclairage LED sur toute la largeur intérieure. Toujours un bon aperçu et un accès rapide à l'aide des couvercles coulissants en verre trempé et facile à déplacer grâce aux 4 doubles roulettes pivotantes. Des paniers suspendus et un verrou sont disponibles en accessoire.",499 l,"H 82,5 x L 167,5 x D 66,1 cm"
EFI 5653,Appareils professionnels/Conservateurs de crème glacée/EFI 5653,None,€ 1.900,"Le modèle Liebherr EFI 5653 est un conservateur à glace, avec une plage de température de -10 °C à -24 °C et un éclairage LED sur toute la largeur intérieure. Toujours un bon aperçu et un accès rapide à l'aide des couvercles coulissants en verre trempé et facile à déplacer grâce aux 4 doubles roulettes pivotantes. Des paniers suspendus et un verrou sont disponibles en accessoire.",571 l,"H 82,5 x L 188,5 x D 66,1 cm"
BKPv 6570 ProfiLine,Appareils professionnels/Boulangerie/Réfrigérateurs boulangerie/BKPv 6570,"Acier inox, Blanc",€ 4.000,"Le modèle Liebherr BKPv 6570 est un réfrigérateur de boulangerie en acier inoxydable avec intérieur en acier nickel chrome de 40x60 cm selon la norme de boulangerie. La plage de température est à réglage graduel digital de -5 °C à +15 °C et l'hygrométrie peut se régler au choix sur haut, moyen ou bas.",602 l,H 212 x L 70 x D 83 cm
BKPv 8470 ProfiLine,Appareils professionnels/Boulangerie/Réfrigérateurs boulangerie/BKPv 8470,"Acier inox, Blanc",€ 5.200,"Le modèle Liebherr BKPv 8470 est un réfrigérateur de boulangerie en acier inoxydable avec intérieur en acier nickel chrome de 60x80 cm selon la norme de boulangerie. La plage de température est à réglage graduel digital de -5 °C à +15 °C et l'hygrométrie peut se régler au choix sur haut, moyen ou bas.",856 l,H 212 x L 79 x D 98 cm
BRFvg 5501 Performance,Appareils professionnels/Boulangerie/Réfrigérateurs boulangerie/BRFvg 5501,None,€ 2.000,"L'écran tactile est facile à utiliser. Il permet de consulter toutes les informations importantes et de voir immédiatement l'état du réfrigérateur. L'intérieur en acier inoxydable, spécialement conçu pour accueillir 10 plaques de cuisson Euronorm, est facile à nettoyer. L'humidité peut être réglée sur 3 niveaux (faible, moyenne, élevée) pour créer des conditions de conservation idéales. À un angle d'ouverture de 90°, la porte reste ouverte pour faciliter le chargement et le déchargement, et un rappel permet de ne pas oublier de nettoyer régulièrement l'appareil. La serrure est de série.",496 l,"H 168,4 x L 74,7 x D 76,9 cm"
BRFvg 5511 Performance,Appareils professionnels/Boulangerie/Réfrigérateurs boulangerie/BRFvg 5511,None,€ 2.200,"L'écran tactile est facile à utiliser. Il permet de consulter toutes les informations importantes et de voir immédiatement l'état du réfrigérateur. L'intérieur en acier inoxydable, spécialement conçu pour accueillir 10 plaques de cuisson Euronorm, est facile à nettoyer. L'humidité peut être réglée sur 3 niveaux (faible, moyenne, élevée) pour créer des conditions de conservation idéales. À un angle d'ouverture de 90°, la porte reste ouverte pour faciliter le chargement et le déchargement, et un rappel permet de ne pas oublier de nettoyer régulièrement l'appareil.",533 l,"H 168,4 x L 74,7 x D 76,9 cm"
BFFsg 5501 Performance,Appareils professionnels/Boulangerie/Congélateurs boulangerie/BFFsg 5501,None,€ 2.300,"L'intérieur en polystyrène est facile à nettoyer et offre suffisamment d'espace pour stocker les aliments. Jusqu'à 10 plaques de cuisson Euronorm peuvent être glissées sans problème dans le congélateur. L'écran tactile réglable en plusieurs langues est intuitif. Avec un angle d'ouverture de 90°, la porte reste ouverte pour faciliter le chargement et le déchargement. Un timer rappelle quand le prochain nettoyage doit être effectué. Des roues pivotantes ou des pieds réglables sont disponibles en option.",496 l,"H 168,3 x L 74,7 x D 76,9 cm"
BGPv 6570 ProfiLine,Appareils professionnels/Boulangerie/Congélateurs boulangerie/BGPv 6570,"Acier inox, Blanc",€ 4.700,Le modèle Liebherr BGPv 6570 est un congélateur de boulangerie avec intérieur en acier nickel chrome de 40x60 cm selon la norme de boulangerie. La plage de température est à réglage graduel digital de -10 °C à -35 °C et l'armoire est équipée de 20 supports de plaque réglables.,602 l,H 212 x L 70 x D 83 cm
BGPv 8470 ProfiLine,Appareils professionnels/Boulangerie/Congélateurs boulangerie/BGPv 8470,"Acier inox, Blanc",€ 5.800,Le modèle Liebherr BGPv 8470 est un congélateur de boulangerie avec intérieur en acier nickel chrome de 60x80 cm selon la norme de boulangerie. La plage de température est à réglage graduel digital de -10 °C à -35 °C et l'armoire est équipée de 25 supports de plaque réglables.,856 l,H 212 x L 79 x D 98 cm
